County,Sector,2017,2016,2015,2014,2013,2012,2011,2010,2009,2008,2007,2006,2005,2004,2003
ALAMEDA,Non-Residential,8043.123474,7891.021676,7357.909168,7422.865469,7647.457064,7601.906546,7964.101144,7706.530425,7348.677752,8187.679756,8770.552032,8067.962419,8044.391442,7776.455865,7665.089562
ALAMEDA,Residential,3069.531949,2923.672818,2899.423542,2895.491569,2987.473944,3000.871672,3025.99183,3022.056087,3016.614983,2996.156961,2971.616958,3118.38275,3025.561684,2898.154798,2937.329874
ALAMEDA,Total,11112.65542,10814.6945,10257.33271,10318.35704,10634.93101,10602.77822,10990.09298,10728.58651,10365.29274,11183.83672,11742.16899,11186.34517,11069.95313,10674.61066,10602.41944
ALPINE,Non-Residential,8.997869,8.124741,4.354396,4.008389,4.752038,4.590161,5.199864,5.203784,5.234789,9.368614,10.685739,9.377073,9.132023,9.431229,5.112883
ALPINE,Residential,10.023186,9.290913,11.855504,11.974975,13.424431,9.298178,9.093424,12.451971,13.029405,8.899778,9.326645,9.537211,8.090874,8.996372,6.352394
ALPINE,Total,19.021055,17.415654,16.2099,15.983364,18.176468,13.888339,14.293288,17.655755,18.264193,18.268392,20.012384,18.914285,17.222897,18.427601,11.465277
AMADOR,Non-Residential,168.012478,173.832142,152.643553,154.793331,170.867308,180.777774,169.979564,175.75143,184.051066,188.044147,179.985237,165.207077,160.639866,165.145971,142.213818
AMADOR,Residential,147.459991,135.803182,132.980232,134.805266,139.516716,141.039818,140.24162,139.982404,142.94773,144.135365,142.626229,142.579005,134.486227,135.731053,129.232694
AMADOR,Total,315.472468,309.635323,285.623785,289.598598,310.384025,321.817592,310.221184,315.733834,326.998796,332.179512,322.611466,307.786082,295.126093,300.877024,271.446512
BUTTE,Non-Residential,762.078166,760.806386,780.488761,770.622394,773.447012,768.594002,713.419067,707.453703,724.516621,746.736926,800.564412,719.683097,672.357872,688.024349,665.800743
BUTTE,Residential,782.961288,725.718157,716.501321,721.286274,730.982498,739.536468,726.302478,719.403746,731.892206,724.065281,715.052735,708.685816,686.092268,689.915946,658.820517
BUTTE,Total,1545.039454,1486.524542,1496.990082,1491.908668,1504.42951,1508.13047,1439.721545,1426.857449,1456.408827,1470.802207,1515.617147,1428.368912,1358.45014,1377.940296,1324.621261
CALAVERAS,Non-Residential,131.942501,117.148249,119.382018,126.0359,125.859211,124.029168,124.456822,116.893714,121.260187,119.359437,122.330582,123.266048,119.895649,99.087106,94.780181
CALAVERAS,Residential,220.373828,198.752467,191.705184,192.867729,200.018332,201.710548,200.629843,198.068763,202.050995,200.684529,199.904684,195.080656,187.987183,189.278127,177.277281
CALAVERAS,Total,352.31633,315.900716,311.087202,318.903628,325.877542,325.739716,325.086665,314.962477,323.311182,320.043966,322.235265,318.346704,307.882832,288.365233,272.057463
COLUSA,Non-Residential,225.837176,234.227066,244.513369,240.570148,234.065914,213.971475,206.44652,193.040212,200.037944,193.0744,186.483865,183.224933,184.719636,175.42303,163.501641
COLUSA,Residential,70.206857,64.983202,64.437041,64.870282,64.849594,65.669299,64.39806,63.431713,65.593007,64.254493,64.189496,65.001533,63.477249,59.635552,58.228832
COLUSA,Total,296.044033,299.210268,308.950409,305.44043,298.915508,279.640774,270.84458,256.471925,265.630951,257.328894,250.673361,248.226466,248.196885,235.058583,221.730473
CONTRA COSTA,Non-Residential,6808.835114,6879.130774,6776.01114,6864.617995,6400.845658,6324.077383,6350.149214,6380.867319,6305.439747,6567.125112,5855.00677,5928.926073,5838.549807,5885.971333,5705.085899
CONTRA COSTA,Residential,2969.016903,2764.370282,2742.073498,2740.240644,2771.722517,2770.143237,2751.599891,2733.989451,2787.812326,2784.644845,2738.31578,2745.485523,2662.061392,2650.015448,2540.188182
CONTRA COSTA,Total,9777.852017,9643.501056,9518.084638,9604.858639,9172.568174,9094.22062,9101.749106,9114.856771,9093.252073,9351.769957,8593.32255,8674.411597,8500.611199,8535.986781,8245.274081
DEL NORTE,Non-Residential,93.485615,91.696703,95.084433,92.636764,99.007282,99.87481,105.713202,108.102033,108.363909,113.254197,121.662221,108.669652,106.892357,112.771936,98.687201
DEL NORTE,Residential,122.407324,112.179574,116.055484,110.048401,126.50157,127.726173,132.176036,133.51147,132.965611,136.525455,133.596613,127.85005,122.848691,121.92621,121.625989
DEL NORTE,Total,215.892939,203.876277,211.139918,202.685165,225.508851,227.600983,237.889238,241.613503,241.32952,249.779652,255.258834,236.519702,229.741049,234.698146,220.313189
EL DORADO,Non-Residential,477.369957,461.153555,450.106887,469.720159,486.314489,489.074753,481.675131,477.598069,499.213669,516.056742,515.661922,519.994996,475.393467,442.165561,419.746629
EL DORADO,Residential,794.286967,753.591907,723.831358,722.993813,757.523468,765.48616,763.102125,763.815767,770.002846,771.05237,760.311706,760.010643,731.933785,723.30412,689.502505
EL DORADO,Total,1271.656925,1214.745462,1173.938246,1192.713972,1243.837958,1254.560912,1244.777256,1241.413836,1269.216514,1287.109112,1275.973627,1280.005639,1207.327251,1165.469681,1109.249134
FRESNO,Non-Residential,4598.641167,4962.678732,5012.233259,4981.363605,4819.061228,4675.436682,4294.639416,4357.089238,4462.226035,4566.924289,4583.157809,4022.146659,3966.009498,4213.095259,3977.764821
FRESNO,Residential,2862.184785,2662.644724,2674.195219,2704.396374,2693.670785,2706.850379,2591.30852,2546.317527,2615.705793,2550.603439,2521.674102,2489.883989,2377.024449,2351.390196,2299.324628
FRESNO,Total,7460.825952,7625.323456,7686.428478,7685.759978,7512.732013,7382.287061,6885.947936,6903.406765,7077.931828,7117.527728,7104.831911,6512.030648,6343.033947,6564.485455,6277.089449
GLENN,Non-Residential,293.741753,276.414306,294.464463,291.473564,257.911754,213.366593,203.172548,206.570891,211.473927,237.698154,260.610514,288.620478,271.755201,329.781168,271.842726
GLENN,Residential,98.438094,91.076379,90.43603,91.396388,92.600924,93.406129,91.589762,91.116628,93.566425,92.111384,91.030965,91.728413,89.370165,87.503719,85.028453
GLENN,Total,392.179847,367.490686,384.900493,382.869953,350.512678,306.772722,294.76231,297.687519,305.040352,329.809538,351.641479,380.348891,361.125366,417.284887,356.871179
HUMBOLDT,Non-Residential,424.531147,409.222021,434.577097,444.865908,449.576965,434.67803,439.692417,448.453286,445.853699,570.848988,629.12806,641.605882,602.11596,623.569369,602.083902
HUMBOLDT,Residential,406.479179,399.105809,389.990132,395.855367,441.881333,465.70665,476.20178,478.969039,462.076678,440.395754,416.974615,381.075575,359.185691,338.045831,315.470915
HUMBOLDT,Total,831.010326,808.32783,824.567229,840.721275,891.458298,900.384679,915.894196,927.422325,907.930378,1011.244742,1046.102675,1022.681457,961.301651,961.6152,917.554817
IMPERIAL,Non-Residential,826.383978,875.730223,867.980839,895.608096,911.037447,923.602615,915.178627,894.055068,911.697465,961.390437,877.944674,908.911968,936.079951,948.499717,912.407396
IMPERIAL,Residential,594.905845,543.159545,536.315921,539.648944,534.947372,544.227415,518.542842,501.861949,517.554177,503.984111,522.237482,527.505519,486.254405,478.134462,476.988502
IMPERIAL,Total,1421.289823,1418.889768,1404.29676,1435.25704,1445.984819,1467.83003,1433.721469,1395.917017,1429.251642,1465.374548,1400.182156,1436.417487,1422.334355,1426.634179,1389.395898
INYO,Non-Residential,269.940746,168.627695,151.183683,154.011619,172.953321,179.548967,179.868547,172.217537,173.246077,156.131532,159.44422,166.323902,165.698621,175.859962,165.568867
INYO,Residential,1281.998567,61.552344,56.874062,61.033607,60.354511,60.963913,57.765555,57.759072,58.394708,54.909089,56.812374,52.930928,56.404796,57.033355,49.450452
INYO,Total,1551.939313,230.180039,208.057745,215.045226,233.307832,240.51288,237.634102,229.976609,231.640785,211.040622,216.256594,219.254831,222.103417,232.893317,215.019319
KERN,Non-Residential,16047.78418,14265.09496,12901.91587,11988.60291,12748.15109,14399.35593,13811.58724,12859.66586,12271.54138,13303.3843,15151.84537,14398.34115,12974.29801,14662.09492,13091.06245
KERN,Residential,2391.887935,2264.619505,2267.943879,2306.08025,2275.302343,2275.99719,2141.569372,2095.804173,2171.622819,2146.901568,2091.414749,2052.653093,1972.924944,1865.689174,1832.112153
KERN,Total,18439.67212,16529.71447,15169.85974,14294.68316,15023.45343,16675.35312,15953.15661,14955.47003,14443.1642,15450.28587,17243.26012,16450.99424,14947.22296,16527.7841,14923.1746
KINGS,Non-Residential,1132.202638,1426.210327,1407.977955,1440.624966,1414.018348,1311.780468,1069.363718,1104.854984,1221.35734,1137.444539,1076.674865,1031.794557,984.742764,1008.936974,763.557326
KINGS,Residential,384.259021,365.334662,368.152945,376.954514,371.39689,368.914891,354.431955,348.665297,364.923953,358.906996,346.83855,355.592547,330.224385,326.284498,313.904631
KINGS,Total,1516.461659,1791.544989,1776.130901,1817.57948,1785.415238,1680.695359,1423.795672,1453.520281,1586.281294,1496.351535,1423.513415,1387.387104,1314.96715,1335.221472,1077.461956
LAKE,Non-Residential,167.527971,158.761639,154.671796,155.889511,167.398119,163.889304,161.169835,159.379856,163.180679,170.782145,169.708926,384.035252,365.083572,286.985726,291.99001
LAKE,Residential,303.272552,282.515074,276.406893,285.517511,302.440947,302.247964,298.350237,294.508814,289.335412,284.677643,275.057731,269.067339,259.079053,256.934903,243.787239
LAKE,Total,470.800523,441.276713,431.078689,441.407022,469.839066,466.137268,459.520073,453.88867,452.516091,455.459788,444.766658,653.102591,624.162625,543.920629,535.777249
LASSEN,Non-Residential,283.389542,322.717841,268.74243,301.549333,293.209529,278.335754,274.140041,254.630498,285.805885,157.543524,149.038617,184.401874,184.685297,189.128716,162.22731
LASSEN,Residential,102.154931,99.557021,94.823925,94.188136,104.37264,102.255359,103.659073,104.821915,106.525141,107.036253,104.110912,106.142579,105.254849,102.440584,99.290481
LASSEN,Total,385.544473,422.274862,363.566356,395.737469,397.582169,380.591113,377.799113,359.452412,392.331026,264.579778,253.14953,290.544454,289.940146,291.5693,261.517791
LOS ANGELES,Non-Residential,48100.30581,49141.2122,49130.46003,49193.41462,47746.27276,48192.63029,48139.85453,48546.06737,49370.91358,50976.72315,50727.1009,50560.89477,50281.71599,49707.008,49458.88193
LOS ANGELES,Residential,19468.93666,20330.1864,20471.56454,20752.65642,20620.15513,21082.23629,20069.35877,19726.42373,20594.68006,21118.10089,20537.01783,20378.138,19711.89407,19507.88669,19056.85228
LOS ANGELES,Total,67569.24247,69471.3986,69602.02457,69946.07105,68366.42789,69274.86658,68209.2133,68272.49109,69965.59364,72094.82404,71264.11872,70939.03276,69993.61007,69214.89469,68515.73422
MADERA,Non-Residential,1151.059178,1188.879411,1277.84973,1238.300843,1147.97225,1099.580627,971.557485,969.799908,1020.169297,1008.883639,963.521122,790.018482,769.200732,816.721766,732.58137
MADERA,Residential,450.737578,421.339277,421.33341,425.870483,429.739912,430.573951,415.392697,408.542668,415.226277,411.179218,408.06461,399.850532,381.311175,373.243051,361.71523
MADERA,Total,1601.796756,1610.218688,1699.183139,1664.171326,1577.712162,1530.154577,1386.950182,1378.342576,1435.395574,1420.062857,1371.585732,1189.869015,1150.511907,1189.964817,1094.296599
MARIN,Non-Residential,718.346727,689.689438,701.612393,701.843583,711.054694,701.016599,707.516974,724.084848,753.590865,761.60301,742.560372,723.039457,714.385071,741.02603,724.285949
MARIN,Residential,676.866067,653.070849,653.265528,653.434023,684.917198,689.884273,702.366977,702.84108,708.287373,704.375373,704.555416,705.118701,689.811537,687.877894,660.732058
MARIN,Total,1395.212795,1342.760287,1354.877922,1355.277606,1395.971892,1390.900872,1409.883951,1426.925928,1461.878238,1465.978383,1447.115788,1428.158158,1404.196608,1428.903924,1385.018007
MARIPOSA,Non-Residential,40.183869,38.92612,39.307825,41.324392,41.643963,40.820775,39.031094,39.757618,47.318097,58.134492,55.162354,38.474396,36.165623,38.479444,40.124197
MARIPOSA,Residential,72.981964,69.065553,67.60943,68.640691,71.816597,72.384377,71.899028,72.567127,72.861885,73.078004,72.471608,69.983501,67.413264,67.784376,65.009402
MARIPOSA,Total,113.165833,107.991673,106.917256,109.965083,113.46056,113.205152,110.930121,112.324745,120.179982,131.212496,127.633961,108.457897,103.578888,106.26382,105.133598
MENDOCINO,Non-Residential,280.263447,279.60964,273.749144,269.515387,269.41812,269.319601,266.736656,261.06117,262.310492,279.166031,283.28679,397.165962,406.565017,287.497035,279.7533
MENDOCINO,Residential,312.762915,300.893534,294.172808,295.433059,324.654025,333.350749,337.50544,340.030182,340.437699,338.77817,331.108021,314.159273,295.527969,285.009445,265.381675
MENDOCINO,Total,593.026362,580.503174,567.921952,564.948446,594.072145,602.67035,604.242096,601.091353,602.748191,617.944201,614.394812,711.325235,702.092987,572.50648,545.134975
MERCED,Non-Residential,3233.514738,2769.552926,2222.147168,2307.423763,2363.376237,2604.44882,2983.156777,2739.747254,2066.361868,2056.047365,3010.018533,2154.070825,2275.393874,2470.246335,2264.325693
MERCED,Residential,753.246511,702.848973,706.260171,718.838588,697.654027,703.847811,676.883289,657.882252,676.713937,668.964374,657.953164,654.58069,620.884598,612.59431,593.033773
MERCED,Total,3986.761249,3472.4019,2928.407339,3026.262351,3061.030264,3308.296631,3660.040066,3397.629506,2743.075804,2725.011739,3667.971697,2808.651515,2896.278472,3082.840645,2857.359467
MODOC,Non-Residential,92.909994,95.052513,110.235143,114.232138,107.906257,106.391512,87.847398,93.72065,97.662771,97.814449,87.753975,101.258056,95.925456,95.225146,112.642497
MODOC,Residential,59.28397,56.581161,54.069319,53.422913,61.008204,57.447446,61.363255,60.279271,61.354571,63.026113,58.710808,59.044041,57.577305,56.453333,56.767659
MODOC,Total,152.193964,151.633674,164.304461,167.65505,168.914461,163.838958,149.210652,153.999921,159.017342,160.840561,146.464782,160.302097,153.502761,151.678479,169.410156
MONO,Non-Residential,109.241345,107.246689,111.482643,103.900096,105.545029,103.224998,109.001532,106.848829,108.67452,107.15911,87.818503,91.089757,100.751826,102.595539,75.240664
MONO,Residential,90.329409,84.789601,78.857738,87.621735,98.825775,93.68282,95.687219,94.325758,91.016854,92.55717,97.762652,83.816991,94.855351,92.488524,88.224525
MONO,Total,199.570754,192.03629,190.340381,191.521831,204.370804,196.907819,204.688751,201.174586,199.691374,199.71628,185.581155,174.906748,195.607177,195.084062,163.46519
MONTEREY,Non-Residential,1885.108297,1897.962615,1989.350631,1933.604818,1911.217631,1828.075467,1842.787007,1840.698041,1873.223957,1892.905365,1848.173026,1830.422439,1840.715315,1894.950076,1892.444533
MONTEREY,Residential,701.653526,688.808586,684.295335,687.10485,724.630499,730.595548,733.889804,733.819905,730.734487,731.049577,741.440229,728.511406,715.499783,724.979024,707.434854
MONTEREY,Total,2586.761823,2586.771201,2673.645967,2620.709668,2635.84813,2558.671016,2576.676811,2574.517946,2603.958444,2623.954943,2589.613255,2558.933846,2556.215098,2619.929101,2599.879386
NAPA,Non-Residential,684.75577,696.362524,691.179277,683.101937,680.307068,665.472111,659.88015,646.776211,645.862836,662.636468,635.076077,607.081417,579.346775,574.246732,562.860885
NAPA,Residential,379.777006,361.181776,362.093099,364.036103,374.211795,373.36669,373.678414,375.553895,380.475078,378.102685,376.919394,386.230107,370.132206,363.322856,354.902745
NAPA,Total,1064.532776,1057.5443,1053.272377,1047.13804,1054.518863,1038.8388,1033.558564,1022.330107,1026.337914,1040.739153,1011.995471,993.311524,949.478981,937.569588,917.763629
NEVADA,Non-Residential,270.001867,227.135919,221.40857,226.738695,233.601706,234.977409,232.475677,229.996087,235.769141,246.159393,241.090907,237.717998,229.232288,226.691147,216.490542
NEVADA,Residential,480.439792,433.918557,406.458242,408.017768,423.537883,426.439191,426.577044,425.466235,424.500583,421.317639,413.988501,411.611799,397.552129,398.26262,378.588245
NEVADA,Total,750.441659,661.054476,627.866812,634.756463,657.139589,661.4166,659.05272,655.462322,660.269724,667.477033,655.079407,649.329797,626.784417,624.953767,595.078787
ORANGE,Non-Residential,13285.4654,13479.18572,13799.56671,13807.33366,13571.28062,13470.10927,13337.29865,13207.62288,13769.4635,14406.53969,14262.60066,14474.51989,13972.30913,13808.76441,13330.65585
ORANGE,Residential,6745.080688,6660.559695,6875.75933,7027.539817,6842.062179,7074.021243,6696.172403,6611.917293,6917.070115,7138.559207,6867.750651,6851.103743,6717.035444,6570.917474,6257.849759
ORANGE,Total,20030.54609,20139.74541,20675.32604,20834.87347,20413.34279,20544.13051,20033.47106,19819.54017,20686.53362,21545.0989,21130.35131,21325.62363,20689.34457,20379.68189,19588.50561
PLACER,Non-Residential,1490.620492,1536.053019,1529.567565,1546.175447,1514.314695,1526.624368,1542.778196,1550.784425,1584.539092,1659.792728,1678.212251,1501.618425,1433.111588,1497.078515,1412.925376
PLACER,Residential,1494.201508,1402.455219,1365.818731,1371.385081,1367.259355,1385.03952,1351.89906,1334.98727,1368.091646,1361.152214,1327.189693,1334.73222,1262.960999,1215.669029,1145.232284
PLACER,Total,2984.821999,2938.508238,2895.386296,2917.560528,2881.57405,2911.663889,2894.677256,2885.771695,2952.630737,3020.944942,3005.401944,2836.350645,2696.072586,2712.747544,2558.15766
PLUMAS,Non-Residential,127.080051,135.090753,132.827183,128.073696,141.736476,175.603156,164.470128,121.991337,123.497547,149.243422,146.910117,154.196707,125.40844,127.043336,134.445165
PLUMAS,Residential,100.160673,97.073836,91.395498,98.527385,101.517911,97.831194,101.476186,102.119736,103.35137,103.643092,103.579684,103.455291,102.518722,101.288168,96.163155
PLUMAS,Total,227.240724,232.164589,224.222681,226.601081,243.254387,273.43435,265.946314,224.111073,226.848917,252.886514,250.489801,257.651998,227.927162,228.331504,230.60832
RIVERSIDE,Non-Residential,8346.370176,8275.924076,8199.474845,8775.099956,8536.378939,8612.896343,7845.086027,7727.855456,7906.912973,8327.566932,8239.190522,8255.029738,7807.736576,7639.761613,7236.230474
RIVERSIDE,Residential,7559.940559,7196.655488,7090.413146,6776.627939,6606.599319,6675.290978,6579.905887,6336.530698,6606.966602,6772.741497,6683.145526,6903.024939,5392.832655,5019.32362,5469.54442
RIVERSIDE,Total,15906.31073,15472.57956,15289.88799,15551.7279,15142.97826,15288.18732,14424.99192,14064.38616,14513.87958,15100.30843,14922.33605,15158.05468,13200.56923,12659.08523,12705.77489
SACRAMENTO,Non-Residential,6283.61341,6055.674434,6188.144476,6258.537182,6131.164391,6118.579838,6108.526263,6188.895407,6263.720876,6397.905676,6424.637105,6245.73735,6139.143708,5921.959591,5667.032973
SACRAMENTO,Residential,5242.164487,4794.486673,4738.564168,4736.128873,4696.630528,4694.003209,4641.834529,4535.317684,4733.907101,4712.417028,4651.13687,4762.801421,4577.200189,4424.082572,4380.257286
SACRAMENTO,Total,11525.7779,10850.16111,10926.70864,10994.66606,10827.79492,10812.58305,10750.36079,10724.21309,10997.62798,11110.3227,11075.77398,11008.53877,10716.3439,10346.04216,10047.29026
SAN BENITO,Non-Residential,252.366672,262.422205,249.320035,240.410467,237.904713,214.973703,199.141554,191.977015,198.60244,198.347721,203.553603,199.058625,188.987154,194.409689,184.001869
SAN BENITO,Residential,126.940754,119.136813,118.085033,115.570436,119.585348,117.693532,116.184779,116.580686,117.324686,117.408193,119.163344,118.434274,115.968163,117.402202,114.345084
SAN BENITO,Total,379.307426,381.559018,367.405068,355.980904,357.490061,332.667235,315.326333,308.557701,315.927126,315.755914,322.716947,317.492898,304.955317,311.811891,298.346954
SAN BERNARDINO,Non-Residential,10062.00594,9952.469757,9806.131162,9983.1562,9678.784604,9576.717223,9010.78182,8879.530372,8986.865787,9895.017284,10012.84829,9649.252806,9467.588355,9286.024917,8897.857065
SAN BERNARDINO,Residential,5211.089759,4997.544199,4953.489541,4766.204869,4688.605328,4772.747052,4717.853366,4601.192617,4797.692948,4913.978699,4785.970697,4977.816006,5242.335043,5044.930376,4251.328703
SAN BERNARDINO,Total,15273.0957,14950.01396,14759.6207,14749.36107,14367.38993,14349.46427,13728.63519,13480.72299,13784.55874,14808.99598,14798.81899,14627.06881,14709.9234,14330.95529,13149.18577
SAN DIEGO,Non-Residential,12492.39629,12921.80224,13001.74539,13091.36168,12827.72104,12702.82655,12382.85143,12458.11564,12720.54381,13021.02259,12858.99683,12669.62312,12277.15212,12034.23169,11251.73839
SAN DIEGO,Residential,6853.912925,6772.676145,6883.311679,6859.133038,6796.14887,6902.840388,6681.917726,6617.350246,6781.793216,6909.270023,6745.127186,6713.707434,6325.460914,5858.415539,4820.226181
SAN DIEGO,Total,19346.30922,19694.47838,19885.05707,19950.49472,19623.86991,19605.66694,19064.76916,19075.46589,19502.33702,19930.29261,19604.12402,19383.33055,18602.61303,17892.64723,16071.96458
SAN FRANCISCO,Non-Residential,4221.186569,4294.350306,4368.426507,4405.296124,4383.532168,4363.372679,4379.21012,4238.943617,4159.904347,4244.314473,4157.648779,3841.772779,3925.93259,3699.583615,3621.30561
SAN FRANCISCO,Residential,1519.405293,1464.760679,1437.37961,1440.433202,1502.763077,1512.245494,1524.582029,1518.374937,1501.387452,1484.332562,1467.618951,1491.207341,1444.507747,1381.327792,1363.83567
SAN FRANCISCO,Total,5740.591862,5759.110985,5805.806116,5845.729327,5886.295245,5875.618173,5903.792149,5757.318554,5661.291799,5728.647035,5625.26773,5332.98012,5370.440337,5080.911407,4985.141279
SAN JOAQUIN,Non-Residential,3756.750421,3697.903004,3434.601786,3487.780972,3825.353149,3613.417924,3577.867668,3536.739728,3613.623407,3629.480165,3767.179776,4086.466127,4098.102149,3789.918018,3361.621217
SAN JOAQUIN,Residential,1908.306718,1758.859069,1745.357156,1764.035814,1739.086165,1752.000568,1706.536443,1683.746816,1725.985626,1706.341283,1700.393518,1715.359398,1652.015153,1631.761976,1575.178266
SAN JOAQUIN,Total,5665.057139,5456.762073,5179.958942,5251.816786,5564.439314,5365.418492,5284.404111,5220.486544,5339.609033,5335.821448,5467.573294,5801.825525,5750.117302,5421.679995,4936.799483
SAN LUIS OBISPO,Non-Residential,1110.313572,1101.186311,1077.679484,1094.097144,1105.958542,1059.911394,1027.309928,1011.283298,1034.466537,1063.93715,1091.993486,918.243774,929.581663,958.669498,936.44445
SAN LUIS OBISPO,Residential,668.190056,637.356382,634.625454,631.73856,660.46376,664.844718,656.047929,657.232496,668.361319,673.147331,671.528441,682.453342,651.305902,636.975261,624.945118
SAN LUIS OBISPO,Total,1778.503628,1738.542693,1712.304938,1725.835703,1766.422303,1724.756112,1683.357857,1668.515794,1702.827856,1737.084481,1763.521928,1600.697116,1580.887565,1595.644758,1561.389568
SAN MATEO,Non-Residential,2805.190087,2839.65202,2926.261661,2947.008609,2954.66348,2923.718956,2966.979548,3150.20059,3357.319427,3463.877372,3408.512661,3074.769251,2976.538923,3217.449237,3098.690347
SAN MATEO,Residential,1562.351763,1499.876504,1505.671732,1505.371839,1572.203026,1584.478299,1603.923537,1616.648647,1613.655465,1612.220082,1592.728399,1597.39754,1568.381758,1545.884184,1514.356663
SAN MATEO,Total,4367.54185,4339.528523,4431.933393,4452.380447,4526.866506,4508.197255,4570.903085,4766.849237,4970.974892,5076.097454,5001.24106,4672.166791,4544.920681,4763.333421,4613.047009
SANTA BARBARA,Non-Residential,2025.632613,2098.506808,2344.241121,2607.655164,2543.959558,2428.302295,2442.340778,2433.395295,2431.975284,2451.355668,2367.172825,2415.838449,2436.464894,2376.209608,2222.252215
SANTA BARBARA,Residential,773.690261,759.849738,766.358133,805.883676,832.530971,837.943344,801.476135,802.083483,809.491403,815.953529,813.888189,773.327901,807.323722,789.86741,773.077847
SANTA BARBARA,Total,2799.322874,2858.356546,3110.599254,3413.53884,3376.490529,3266.245639,3243.816912,3235.478778,3241.466688,3267.309197,3181.061014,3189.16635,3243.788616,3166.077018,2995.330062
SANTA CLARA,Non-Residential,13139.32091,13012.17133,13000.62659,13073.31425,12899.1091,12841.04904,12956.1498,12589.69017,12822.18287,13018.86425,12790.96658,12217.28035,11916.11138,11757.26304,11484.93587
SANTA CLARA,Residential,4050.222071,3812.26473,3859.209092,3852.266765,3918.749958,3889.82573,3926.741398,3925.833541,3971.467237,3954.553447,3898.825058,4091.072892,3884.854034,3777.564777,3856.848756
SANTA CLARA,Total,17189.54298,16824.43606,16859.83568,16925.58101,16817.85906,16730.87477,16882.8912,16515.52371,16793.65011,16973.41769,16689.79163,16308.35324,15800.96542,15534.82782,15341.78463
SANTA CRUZ,Non-Residential,661.741256,666.900018,682.64797,681.047589,681.837401,666.379542,657.989464,665.517315,684.8172,774.088972,825.547849,868.326178,836.648431,898.049552,819.459543
SANTA CRUZ,Residential,568.310114,557.507305,551.701187,557.896788,594.576974,599.535615,602.839133,603.28912,594.39048,585.165016,584.846594,567.961206,563.867798,570.869368,544.723266
SANTA CRUZ,Total,1230.05137,1224.407323,1234.349158,1238.944376,1276.414375,1265.915157,1260.828598,1268.806435,1279.20768,1359.253989,1410.394443,1436.287384,1400.516229,1468.91892,1364.182809
SHASTA,Non-Residential,811.948139,816.056877,837.248805,814.78797,795.062902,782.270627,773.171208,777.863208,810.650758,852.018583,876.760956,871.118779,865.890043,1011.873741,956.732595
SHASTA,Residential,792.076818,744.103124,729.764078,730.543553,748.121485,747.917768,746.18955,746.719475,756.690788,752.485745,741.001466,743.385601,710.115374,713.036247,689.644737
SHASTA,Total,1604.024957,1560.160001,1567.012883,1545.331522,1543.184387,1530.188395,1519.360758,1524.582683,1567.341545,1604.504328,1617.762422,1614.504381,1576.005417,1724.909988,1646.377332
SIERRA,Non-Residential,8.22514,10.137113,9.660738,10.396783,9.623227,9.372061,9.35776,9.325308,10.033662,10.599838,11.467064,9.007381,9.900346,9.507515,19.922779
SIERRA,Residential,13.618137,15.665689,14.359115,13.187279,13.83415,14.166236,14.038939,14.375856,14.39323,14.503157,16.769282,14.853535,15.222403,15.110676,15.061682
SIERRA,Total,21.843277,25.802802,24.019853,23.584062,23.457377,23.538297,23.396699,23.701165,24.426892,25.102995,28.236347,23.860916,25.122749,24.618191,34.984461
SISKIYOU,Non-Residential,268.35989,269.252611,271.487817,267.713399,265.74708,257.716385,264.510348,264.868504,277.484453,294.729358,319.318418,277.689254,274.441653,288.855996,278.418012
SISKIYOU,Residential,231.781803,217.789987,218.689488,213.840861,231.373246,227.603068,235.348271,236.593108,240.088325,246.823226,243.915767,236.536075,235.488133,229.817261,230.982636
SISKIYOU,Total,500.141693,487.042597,490.177305,481.55426,497.120325,485.319452,499.858618,501.461612,517.572778,541.552585,563.234185,514.225329,509.929786,518.673257,509.400648
SOLANO,Non-Residential,2102.244222,2186.321831,2199.347263,2210.7673,2207.674328,2173.108811,2109.53672,2060.584665,2153.984534,2146.781886,2328.690049,2112.839923,2120.687251,2064.247194,1972.347375
SOLANO,Residential,1100.848217,1020.842473,1016.376649,1010.442223,1021.483886,1020.257746,1013.34594,1003.36019,1021.028346,1029.947646,1011.930309,1052.983975,999.973148,989.503556,990.799323
SOLANO,Total,3203.09244,3207.164305,3215.723911,3221.209524,3229.158214,3193.366557,3122.88266,3063.944855,3175.01288,3176.729533,3340.620358,3165.823898,3120.660399,3053.750751,2963.146699
SONOMA,Non-Residential,1678.568605,1662.202516,1661.656412,1660.23829,1627.881938,1575.174764,1546.641716,1539.60566,1540.130809,1645.278337,1650.427611,1566.324904,1520.565672,1638.263127,1566.716984
SONOMA,Residential,1360.616025,1302.96906,1283.718184,1289.047708,1348.836569,1356.414221,1360.012116,1346.591094,1321.053828,1303.884735,1272.987877,1299.98071,1230.393491,1226.250921,1187.534122
SONOMA,Total,3039.18463,2965.171576,2945.374596,2949.285999,2976.718507,2931.588985,2906.653832,2886.196753,2861.184637,2949.163073,2923.415489,2866.305614,2750.959163,2864.514047,2754.251106
STANISLAUS,Non-Residential,2734.893825,3038.699942,3054.096946,3030.054766,2980.212036,2961.092141,2807.042744,2785.109466,2848.134324,2969.045687,2982.65519,3030.003968,2976.084023,2879.119127,2889.66119
STANISLAUS,Residential,1866.449099,1725.488195,1708.654083,1723.309509,1698.575804,1697.286996,1666.999718,1636.082413,1718.663578,1709.769175,1677.031351,1731.64233,1651.92123,1619.001674,1609.958342
STANISLAUS,Total,4601.342924,4764.188137,4762.751029,4753.364275,4678.787839,4658.379136,4474.042461,4421.191878,4566.797902,4678.814863,4659.68654,4761.646298,4628.005253,4498.120801,4499.619532
SUTTER,Non-Residential,351.653288,357.42167,373.365094,371.970143,372.228914,356.144625,341.377155,334.13491,348.540851,351.15852,347.114722,351.240626,309.947873,310.326,296.337366
SUTTER,Residential,298.579633,274.543176,274.445158,277.424902,275.424375,279.445385,271.619489,265.740867,276.956473,277.358295,273.806875,275.787567,259.03964,253.953909,245.326165
SUTTER,Total,650.232921,631.964846,647.810252,649.395045,647.653289,635.59001,612.996644,599.875778,625.497324,628.516816,620.921597,627.028193,568.987513,564.279909,541.663531
TEHAMA,Non-Residential,276.579471,266.730848,276.219257,260.813522,268.715251,266.005743,259.285709,252.69858,264.083205,275.108219,278.107657,249.373549,238.255228,246.674394,242.359267
TEHAMA,Residential,246.275494,229.926634,229.651559,231.062458,237.287413,238.703201,233.762771,233.175209,237.856355,233.977987,230.410313,227.426935,214.093879,216.06667,202.320126
TEHAMA,Total,522.854965,496.657482,505.870816,491.87598,506.002663,504.708944,493.04848,485.87379,501.93956,509.086206,508.51797,476.800484,452.349107,462.741063,444.679393
TRINITY,Non-Residential,125.789635,117.730556,101.051829,107.412887,108.320334,100.586127,109.583381,77.454181,83.031267,2.423341,1.991885,62.783185,63.824159,6.957762,15.714568
TRINITY,Residential,11.965413,10.999486,10.261935,10.421299,11.208753,11.473353,11.598747,11.276366,10.634786,9.987798,9.433199,8.57078,8.280921,8.415927,7.848777
TRINITY,Total,137.755048,128.730041,111.313763,117.834186,119.529087,112.059481,121.182128,88.730547,93.666053,12.411139,11.425084,71.353965,72.10508,15.373689,23.563345
TULARE,Non-Residential,2972.293699,3152.066245,3263.553744,3267.002018,3106.120818,2977.358171,2582.673513,2676.488309,2791.608955,2760.712692,2652.248654,2497.792147,2274.678009,2289.95361,2216.908428
TULARE,Residential,1286.162176,1221.377175,1219.385964,1223.528153,1207.791753,1182.436357,1162.176496,1139.392542,1187.638224,1161.595705,1117.295191,1191.525557,1085.246048,1046.76368,1038.091984
TULARE,Total,4258.455875,4373.44342,4482.939708,4490.530171,4313.912571,4159.794528,3744.850009,3815.880851,3979.247179,3922.308397,3769.543846,3689.317704,3359.924057,3336.71729,3255.000412
TUOLUMNE,Non-Residential,242.278755,238.527767,235.499722,234.274231,240.993867,233.7033,225.241857,212.050287,222.618567,203.576637,210.69033,503.201774,261.287533,222.674649,205.366731
TUOLUMNE,Residential,222.611271,209.324561,206.545733,206.145512,219.803474,220.364157,220.505524,222.835124,224.344464,224.550168,223.038633,219.30197,213.696094,217.96981,207.063058
TUOLUMNE,Total,464.890026,447.852329,442.045455,440.419743,460.797342,454.067457,445.747381,434.885411,446.963031,428.126806,433.728963,722.503744,474.983627,440.644459,412.429789
VENTURA,Non-Residential,3684.603504,3676.453577,3782.157683,3590.478036,3500.198082,3606.113603,3673.447111,3666.665306,3735.904606,4031.100022,3851.332255,3926.17542,3863.548941,3833.55243,3647.170067
VENTURA,Residential,1835.570771,1785.210931,1822.525154,1909.056139,1903.520128,1920.689052,1802.353129,1790.31363,1856.569146,1892.179471,1841.655365,1765.764993,1786.184805,1744.202656,1692.796422
VENTURA,Total,5520.174275,5461.664508,5604.682837,5499.534175,5403.71821,5526.802654,5475.80024,5456.978936,5592.473753,5923.279493,5692.98762,5691.940413,5649.733746,5577.755086,5339.966489
YOLO,Non-Residential,1198.504897,1197.331724,1197.794134,1231.610772,1194.028649,1163.681971,1149.773426,1105.342535,1166.03215,1113.701656,1132.282024,1201.822945,1205.947337,1053.031939,947.12791
YOLO,Residential,550.681613,508.110689,504.997365,505.718004,508.238888,510.870614,500.228432,494.710537,514.856311,508.267258,498.576896,511.971157,492.597295,474.012029,473.559677
YOLO,Total,1749.18651,1705.442413,1702.791499,1737.328776,1702.267537,1674.552585,1650.001857,1600.053073,1680.88846,1621.968914,1630.85892,1713.794102,1698.544633,1527.043968,1420.687587
YUBA,Non-Residential,273.189814,267.674821,269.201358,274.548897,276.876586,266.013317,262.526545,261.50058,307.045651,263.270724,276.528747,339.48088,334.840761,290.965887,206.742143
YUBA,Residential,234.708248,215.090257,210.034874,214.855318,212.555287,215.763758,208.767382,203.722227,205.290033,200.068673,198.67804,193.682356,183.28773,171.593596,158.208847
YUBA,Total,507.898062,482.765078,479.236233,489.404215,489.431873,481.777076,471.293926,465.222807,512.335684,463.339397,475.206788,533.163236,518.128491,462.559484,364.950989
